{"cameraMode":{"drawMode":0,"name":"Shaded","section":"Shading Mode"},"sceneLighting":false,"audioPlay":false,"sceneViewState":{"showFog":true,"showMaterialUpdate":false,"showSkybox":true,"showFlares":true,"showImageEffects":true,"showParticleSystems":true},"in2DMode":false,"pivot":{"x":5.991673469543457,"y":8.772817611694336,"z":12.63937759399414},"rotation":{"x":-0.14834091067314149,"y":0.13543684780597688,"z":-0.02051277458667755,"w":-0.9794034361839294},"size":21.446441650390626,"orthographic":false}